Group,Enzyme,Wild,Position,Mutant,Activity,Figure
1,T,K,377,Q,0.88,6
1,T,K,378,N,0.88,6
1,T,T,379,G,0.88,6
2,T,T,446,I,0.30,6
2,T,A,447,C,0.30,6
3,C,I,445,T,0.65,6
3,C,C,446,A,0.65,6
4,C,A,414,V,4.14,6
4,C,A,46,V,4.14,6
4,C,T,47,A,4.14,6
5,C,S,116,A,3.63,6
5,C,A,46,V,3.63,6
5,C,T,47,A,3.63,6
6,C,S,116,A,2.17,6
6,C,A,414,V,2.17,6
7,C,S,116,A,3.63,6
7,C,A,414,V,3.63,6
7,C,A,46,V,3.63,6
7,C,T,47,A,3.63,6
8,T,Y,500,K,0.35,5
8,T,Y,540,E,0.35,5
9,T,Y,500,C,1.28,5
9,T,L,540,C,1.28,5
10,T,H,494,E,0.93,5
10,T,R,532,K,0.93,5
11,T,H,494,C,1.73,5
11,T,R,532,C,1.73,5
12,T,Q,124,C,0.75,5
12,T,H,494,C,0.75,5
13,C,A,46,V,1.2,4
13,C,T,47,A,1.2,4
14,T,N,89,Q,2.0,4
14,T,N,499,Q,2.0,4
15,T,N,168,Q,0.7,4
15,T,N,499,Q,0.7,4
16,T,N,329,Q,1.0,4
16,T,N,499,Q,1.0,4
17,T,N,89,Q,0.8,4
17,T,N,329,Q,0.8,4
17,T,N,499,Q,0.8,4
18,T,N,168,Q,0.6,4
18,T,N,329,Q,0.6,4
18,T,N,499,Q,0.6,4

